nazev,mira,sleva,stara_cena,nova_cena,platnost
 Budějovický Budvar Budvar 33 ležák,0.5l,-31%,21.90,14.90,11. 08. 2020
 Excelent 11 prémiový ležák,0.5l,-12%,15.90,13.90,07. 09. 2020
 Kozel Mistrův ležák,0.5l,-22%,17.90,13.90,18. 08. 2020
 Staropramen Jedenáctka pivo ležák světlý,0.5l,-35%,16.90,10.90,31. 08. 2020
 Staropramen Ležák pivo světlé,0.5l,-39%,17.90,10.90,31. 08. 2020
 Stella Artois Pivo ležák světlý,0.5l,-33%,26.90,17.90,11. 08. 2020
 Velkopopovický Kozel 11 pivo ležák světlý,500ml,-31%,15.90,10.90,31. 08. 2020
 Velkopopovický Kozel řezaný,500ml,-31%,15.90,10.90,31. 08. 2020
 Zlatý Bažant pivo ležák světlý,0.5l,-27%,17.90,12.90,11. 08. 2020
 Birell Bezovka míchaný nápoj z nealkoholického piva,0.5l,-25%,19.90,14.90,31. 08. 2020
 Birell Citronáda míchaný nápoj z nealkoholického piva,0.5l,-25%,19.90,14.90,31. 08. 2020
 Birell Cola míchaný nápoj z nealkoholického piva,0.5l,-25%,19.90,14.90,31. 08. 2020
 Birell Ledový čaj s broskví míchaný nápoj z nealkoholického piva,0.4l,-25%,19.90,14.90,31. 08. 2020
 Březňák Pivo ležák staré školy,0.5l,-22%,17.90,13.90,11. 08. 2020
 Budějovický Budvar Budvar 33 ležák,0.5l,-29%,23.90,16.90,11. 08. 2020
 Gambrinus Patron 12 pivo ležák světlý,500ml,-14%,20.90,17.90,31. 08. 2020
 Heineken pivo ležák světlý,0.5l,-21%,22.90,17.90,11. 08. 2020
 Krušovice Královský Ležák 12. Pivo ležák světlý.,0.5l,-21%,18.90,14.90,31. 08. 2020
 Radegast Ryze hořká 12 pivo světlý ležák,500ml,-14%,20.90,17.90,31. 08. 2020
 Starobrno Medium pivo ležák světlý,0.5l,-22%,17.90,13.90,11. 08. 2020
 Birell Cola míchaný nápoj z nealkoholického piva,0.4l,-25%,19.90,14.90,31. 08. 2020
 Birell S příchutí Zelený čaj s broskví míchaný nápoj z nealkoholického piva,0.5l,-25%,19.90,14.90,31. 08. 2020
 Zlatopramen 11 pivo ležák světlý,1.5l,-41%,45.90,26.90,11. 08. 2020
 Braník Světlý,0.5l,-38%,12.90,7.90,11. 08. 2020
 Budweiser Budvar B:Classic světlé výčepní pivo,0.5l,-28%,13.90,9.90,11. 08. 2020
 Gambrinus Originál 10 pivo výčepní světlé,0.5l,-28%,13.90,9.90,11. 08. 2020
 Krušovice Královský Originál 10. Pivo výčepní světlé.,0.5l,-35%,13.90,8.90,11. 08. 2020
 Radegast Rázná 10 pivo výčepní světlé,500ml,-28%,13.90,9.90,11. 08. 2020
 Braník Pivo ležák světlý,0.5l,-22%,17.90,13.90,11. 08. 2020
 Braník Pivo výčepní světlé,0.5l,-11%,16.90,14.90,10. 08. 2020
 Krušovice Královský Originál 10. Pivo výčepní světlé.,0.5l,-27%,17.90,12.90,31. 08. 2020
 Starobrno RED ochucené višnové pivo,0.5l,-13%,21.90,18.90,11. 08. 2020
 Staropramen Legendární Smíchov pivo výčepní světlé,0.5l,-22%,17.90,13.90,07. 09. 2020
 Zlatý Bažant pivo ležák světlý,0.5l,-28%,20.90,14.90,11. 08. 2020
 Březňák pivo výčepní světlé,2l,-33%,44.90,29.90,31. 08. 2020
 Braník Černý pivo výčepní tmavé,0.5l,-28%,13.90,9.90,11. 08. 2020
 Krušovice Královské Černé. Pivo výčepní tmavé.,0.5l,-33%,14.90,9.90,11. 08. 2020
 Velkopopovický Kozel Černý pivo výčepní tmavé,0.5l,-31%,15.90,10.90,31. 08. 2020
 Starobrno American Pale Ale,0.5l,-13%,21.90,18.90,11. 08. 2020
 Starobrno India Pale Lager,0.5l,-13%,21.90,18.90,11. 08. 2020
 Budějovický Budvar Budvar 33 ležák 8 x,0.5l,-33%,179.00,119.00,11. 08. 2020
 Staropramen Legendární Smíchov pivo výčepní světlé 10 x,0.5l,-33%,149.90,99.90,31. 08. 2020
 Frisco Cider Ananas a Lemongrass,330ml,-19%,20.90,16.90,11. 08. 2020
 Frisco Cider brusinka,330ml,-19%,20.90,16.90,11. 08. 2020
 Frisco Cider jablko a citrón,330ml,-19%,20.90,16.90,11. 08. 2020
 Frisco Cider lesní ovoce,330ml,-19%,20.90,16.90,11. 08. 2020
 Frisco Cider Spritz,330ml,-19%,20.90,16.90,11. 08. 2020
 Cool Grep,0.5l,-35%,19.90,12.90,11. 08. 2020
 Cool Lemon,0.5l,-35%,19.90,12.90,11. 08. 2020
 Zlatopramen radler citrón,0.5l,-26%,18.90,13.90,11. 08. 2020
 Zlatopramen radler grapefruit,0.5l,-26%,18.90,13.90,11. 08. 2020
 Zlatopramen radler pomeranč a zázvor,0.5l,-26%,18.90,13.90,11. 08. 2020
 Staropramen Nealko pivo světlé,0.5l,-26%,14.90,10.90,11. 08. 2020
 Zlatopramen Nealko světlé,0.5l,-35%,13.90,8.90,11. 08. 2020
 Cool Grep nealko,0.5l,-35%,19.90,12.90,11. 08. 2020
 Cool Lemon nealko,0.5l,-35%,19.90,12.90,11. 08. 2020
 Cool Nealko jablko a hruška,0.5l,-35%,19.90,12.90,11. 08. 2020
 Cool Nealko malina a borůvka,0.5l,-35%,19.90,12.90,11. 08. 2020
 Cool S příchutí bezový květ & lemongrass nealko,0.5l,-35%,19.90,12.90,11. 08. 2020
 Cool S příchutí okurky & limetky nealko,0.5l,-35%,19.90,12.90,11. 08. 2020
 Cool Višeň a limetka,0.5l,-35%,19.90,12.90,11. 08. 2020
 Heineken pivo nealkoholické světlé,0.5l,-37%,23.90,14.90,11. 08. 2020
 Augustiniánský Sklep Rulandské šedé pozdní sběr polosuché bílé víno,0.75l,-29%,169.90,119.90,31. 08. 2020
 Augustiniánský Sklep Tramín pozdní sběr polosuché bílé víno,0.75l,-29%,169.90,119.90,31. 08. 2020
 Habánské Sklepy Chardonnay jakostní víno odrůdové suché bílé,0.75l,-25%,119.90,89.90,11. 08. 2020
 Habánské Sklepy Müller thurgau jakostní víno odrůdové suché bílé,0.187l,-25%,39.90,29.90,31. 08. 2020
 Habánské Sklepy Müller Thurgau suché bílé víno,0.75l,-38%,104.90,64.90,11. 08. 2020
 Habánské Sklepy Rulandské bílé jakostní odrůdové suché bílé víno,0.187l,-25%,39.90,29.90,31. 08. 2020
 Habánské Sklepy Rulandské bílé jakostní víno odrůdové suché bílé,0.75l,-25%,119.90,89.90,11. 08. 2020
 Habánské Sklepy Rulandské šedé jakostní víno odrůdové suché bílé,0.75l,-30%,129.90,89.90,11. 08. 2020
 Habánské Sklepy Ryzlink rýnský jakostní víno odrůdové suché bílé,0.75l,-25%,119.90,89.90,11. 08. 2020
 Habánské Sklepy Ryzlink vlašský suché bílé víno,0.75l,-14%,104.90,89.90,11. 08. 2020
 Habánské Sklepy Sauvignon suché bílé víno,0.75l,-25%,119.90,89.90,11. 08. 2020
 Habánské Sklepy Tramín červený jakostní víno odrůdové suché bílé,0.75l,-25%,119.90,89.90,11. 08. 2020
 Habánské Sklepy Veltínské Zelené suché bílé víno,0.75l,-38%,104.90,64.90,11. 08. 2020
 Ludwig Culinary Collection Chardonnay výběr z hroznů víno polosuché,0.75l,-26%,189.90,139.90,31. 08. 2020
 Ludwig Culinary Collection Neuburské výběr z hroznů víno polosuché,0.75l,-26%,189.90,139.90,31. 08. 2020
 Ludwig Culinary Collection Tramín červený výběr z hroznů víno polosuché,0.75l,-26%,189.90,139.90,31. 08. 2020
 Ludwig Muscat víno bílé polosuché,0.75l,-30%,99.90,69.90,31. 08. 2020
 Ludwig Prime Line Chardonnay bílé víno suché,0.75l,-30%,99.90,69.90,31. 08. 2020
 Ludwig Rulandské šedé bílé víno suché,0.75l,-30%,99.90,69.90,31. 08. 2020
 Ludwig Rulandské šedé jakostní víno s přívlastkem pozdní sběr polosuché,0.75l,-25%,199.90,149.90,31. 08. 2020
 Ludwig Ryzlink vlašský jakostní víno s přívlastkem pozdní sběr polosuché,0.75l,-25%,199.90,149.90,31. 08. 2020
 Ludwig Veltlínské zelené moravské zemské víno,0.75l,-30%,99.90,69.90,31. 08. 2020
 Sovín Rulandské jakostní bílé víno s přívlastkem pozdní sběr bílé suché,0.75l,-13%,149.90,129.90,31. 08. 2020
 Sovín Veltlínské zelené jakostní víno s přívlastkem pozdní sběr bílé suché,0.75l,-13%,149.90,129.90,31. 08. 2020
 Sovín Veltlínské zelené moravské zemské víno bílé,0.75l,-20%,99.90,79.90,31. 08. 2020
 Templářské Sklepy Čejkovice Chardonnay jakostní víno s přívlastkem pozdní sběr bílé polosuché,0.75l,-35%,199.90,129.90,31. 08. 2020
 Templářské Sklepy Čejkovice Rulandské šedé jakostní víno s přívlastkem pozdní sběr,0.75l,-31%,189.90,129.90,31. 08. 2020
 Templářské Sklepy Čejkovice Tramín jakostní víno s přívlastkem pozdní sběr,0.75l,-31%,189.90,129.90,31. 08. 2020
 Vinařství Mutěnice Epic Pálava víno bílé,0.75l,-41%,169.90,99.90,31. 08. 2020
 Vinařství Mutěnice Epic Rulandské šedé víno bílé,0.75l,-41%,169.90,99.90,31. 08. 2020
 Vinařství Mutěnice Epic Tramín červený víno bílé,0.75l,-41%,169.90,99.90,31. 08. 2020
 Vinné sklepy Milotice Müller Thurgau bílé víno polosuché,0.75l,-44%,89.90,49.90,31. 08. 2020
 Vinné sklepy Milotice Rulandské bílé víno bílé suché,0.75l,-44%,89.90,49.90,31. 08. 2020
 Vinné sklepy Milotice Veltlínské zelené bílé víno suché,0.75l,-44%,89.90,49.90,31. 08. 2020
 Vinný Sklep Sovín Chardonnay bílé víno,0.75l,-20%,99.90,79.90,31. 08. 2020
 Vinný Sklep Sovín Muškát moravský bílé víno,0.75l,-20%,99.90,79.90,31. 08. 2020
 Vinný Sklep Sovín Rulandské šedé bílé víno,0.75l,-20%,99.90,79.90,31. 08. 2020
 Víno Mikulov Rulandské bílé jakostní odrůdové suché bílé víno,0.75l,-30%,99.90,69.90,31. 08. 2020
 Víno Mikulov Ryzlink rýnský jakostní víno odrůdové suché bílé,0.75l,-30%,99.90,69.90,31. 08. 2020
 Víno Mikulov Sauvignon jakostní odrůdové suché bílé víno,0.75l,-30%,99.90,69.90,31. 08. 2020
 Víno Mikulov Svatý Urban bílé víno polosladké,0.75l,-28%,69.90,49.90,31. 08. 2020
 Víno Motýl Chardonnay suché bílé víno,0.75l,-30%,99.90,69.90,31. 08. 2020
 Víno Motýl Müller Thurgau suché bílé víno,0.75l,-30%,99.90,69.90,31. 08. 2020
 Víno Motýl Muškát moravský suché bílé víno,0.75l,-30%,99.90,69.90,31. 08. 2020
 Víno Motýl Rizling Rýnsky suché bílé víno,0.75l,-30%,99.90,69.90,31. 08. 2020
 Víno Motýl Rulandské bílé suché bílé víno,0.75l,-30%,99.90,69.90,31. 08. 2020
 Víno Motýl Rulandské šedé suché bílé víno,0.75l,-40%,99.90,59.90,31. 08. 2020
 Víno Motýl Ryzlink vlašský suché bílé víno,0.75l,-30%,99.90,69.90,31. 08. 2020
 Víno Motýl Sauvignon suché bílé víno,0.75l,-30%,99.90,69.90,31. 08. 2020
 Víno Motýl Tramín červený suché bílé víno,0.75l,-30%,99.90,69.90,31. 08. 2020
 Víno Motýl Veltlínské zelené suché bílé víno,0.75l,-30%,99.90,69.90,31. 08. 2020
 Zámecké Vinařství Bzenec Herbarium Moravicum Muškát moravský pozdní sběr polosuché bílé víno,0.75l,-25%,159.90,119.90,31. 08. 2020
 Zámecké Vinařství Bzenec Herbarium Moravicum Rulandské šedé pozdní sběr suché bílé víno,0.75l,-25%,159.90,119.90,31. 08. 2020
 Zámecké Vinařství Bzenec Herbarium Moravicum Ryzlink vlašský pozdní sběr suché bílé víno,0.75l,-25%,159.90,119.90,31. 08. 2020
 Zámecké Vinařství Bzenec Herbarium Moravicum Tramín červený pozdní sběr polosuché bílé víno,0.75l,-25%,159.90,119.90,31. 08. 2020
 Znovín Znojmo Chardonnay odrůdové bílé víno jakostní ročníkové polosuché,0.75l,-17%,144.90,119.90,31. 08. 2020
 Znovín Znojmo Irsai Oliver odrůdové bílé víno jakostní ročníkové polosladké,0.75l,-17%,144.90,119.90,31. 08. 2020
 Znovín Znojmo Muškát moravský odrůdové bílé víno jakostní ročníkové polosuché,0.75l,-17%,144.90,119.90,31. 08. 2020
 Znovín Znojmo Pálava bílé víno s přívlastkem výběr z hroznů polosladké,0.187l,-23%,64.90,49.90,31. 08. 2020
 Znovín Znojmo Rulandské šedé odrůdové bílé víno jakostní ročníkové suché,0.75l,-17%,144.90,119.90,31. 08. 2020
 Znovín Znojmo Ryzlink rýnský odrůdové bílé víno jakostní ročníkové polosuché,0.75l,-17%,144.90,119.90,31. 08. 2020
 Znovín Znojmo Sauvignon odrůdové bílé víno jakostní ročníkové suché,0.75l,-17%,144.90,119.90,31. 08. 2020
 Znovín Znojmo Tramín červený odrůdové bílé víno jakostní ročníkové polosladké,0.75l,-17%,144.90,119.90,31. 08. 2020
 Znovín Znojmo Veltlínské červené rané odrůdové bílé víno jakostní ročníkové suché,0.75l,-17%,144.90,119.90,31. 08. 2020
 Znovín Znojmo Veltlínské zelené moravské zemské víno bílé ročníkové polosuché,0.75l,-17%,144.90,119.90,31. 08. 2020
 Petite Ville Chardonnay víno bílé suché,750ml,-33%,89.90,59.90,31. 08. 2020
 Petite Ville Sauvignon víno bílé suché,750ml,-33%,89.90,59.90,31. 08. 2020
 Casa Roscoli Bianco víno bílé suché,750ml,-10%,49.90,44.90,31. 08. 2020
 Casa Roscoli Pinot Grigio IGT Lazio víno bílé suché,3l,-37%,399.90,249.90,31. 08. 2020
 Lion's Gate Chenin Blanc,750ml,-18%,109.90,89.90,18. 08. 2020
 Lion's Gate Moscato víno,750ml,-18%,109.90,89.90,18. 08. 2020
 Lion's Gate Vineyard Selection Sauvignon Blanc víno bílé,750ml,-18%,109.90,89.90,18. 08. 2020
 Stellenbosch Chardonnay Viognier bílé víno,750ml,-15%,129.90,109.90,31. 08. 2020
 Anakena Sauvignon Blanc bílé víno suché,750ml,-30%,129.90,89.90,31. 08. 2020
 Viña Tarapacá Chardonnay bílé víno,0.75l,-45%,199.90,109.90,31. 08. 2020
 Viña Tarapacá Sauvignon Blanc bílé víno,0.75l,-45%,199.90,109.90,31. 08. 2020
 Butterfly Sauvignon Blanc bílé polosladké víno,750ml,-20%,99.90,79.90,31. 08. 2020
 Chardonnay odrůdové bílé polosladké víno,0.75l,-20%,99.90,79.90,31. 08. 2020
 Fantasy Chardonnay bílé polosladké víno,1l,-39%,139.90,84.90,31. 08. 2020
 Muscat Demidulce odrůdové bílé polosladké víno,0.75l,-20%,99.90,79.90,31. 08. 2020
 I Heart Chardonnay bílé víno,75cl,-25%,119.90,89.90,31. 08. 2020
 I Heart Pinot Grigio bílé víno,75cl,-25%,119.90,89.90,31. 08. 2020
 I Heart Sauvignon Blanc bílé víno,75cl,-25%,119.90,89.90,31. 08. 2020
 Vineyards World Wines Chardonnay bílé víno suché,750ml,-28%,69.90,49.90,18. 08. 2020
 Vineyards World Wines Sauvignon Blanc bílé víno polosuché,750ml,-28%,69.90,49.90,18. 08. 2020
 Wairau Cove Chardonnay bílé víno,75cl,-20%,149.90,119.90,31. 08. 2020
 Wairau Cove Sauvignon Blanc víno bílé suché,750ml,-20%,149.90,119.90,31. 08. 2020
 Mona's White bílé víno polosladké,75cl,-29%,84.90,59.90,31. 08. 2020
 Habánské Sklepy Frankovka jakostní víno odrůdové suché červené,0.187l,-25%,39.90,29.90,31. 08. 2020
 Habánské Sklepy Frankovka víno suché červené,0.75l,-38%,104.90,64.90,11. 08. 2020
 Habánské Sklepy Modrý portugal jakostní víno odrůdové suché červené,0.75l,-25%,119.90,89.90,11. 08. 2020
 Habánské Sklepy Rulandské modré jakostní víno odrůdové suché červené,0.75l,-25%,119.90,89.90,11. 08. 2020
 Habánské Sklepy Svatovavřinecké víno suché červené,0.75l,-38%,104.90,64.90,11. 08. 2020
 Habánské Sklepy Zweigeltrebe jakostní víno odrůdové suché červené,0.75l,-14%,104.90,89.90,11. 08. 2020
 Ludwig Cabernet Moravia jakostní víno s přívlastkem pozdní sběr polosladké,0.75l,-25%,199.90,149.90,31. 08. 2020
 Ludwig Culinary Collection Merlot výběr z hroznů víno suché,0.75l,-26%,189.90,139.90,31. 08. 2020
 Ludwig Culinary Collection Rulandské modré výběr z hroznů víno suché,0.75l,-26%,189.90,139.90,31. 08. 2020
 Ludwig Svatovavřinecké moravské zemské víno,0.75l,-30%,99.90,69.90,31. 08. 2020
 Sovín Modrý Portugal moravské zemské víno červené,0.75l,-20%,99.90,79.90,31. 08. 2020
 Sovín Rulandské modré jakostní víno s přívlastkem výběr z hroznů červené suché,0.75l,-13%,149.90,129.90,31. 08. 2020
 Vinné sklepy Milotice Frankovka modrá červené víno suché,0.75l,-44%,89.90,49.90,31. 08. 2020
 Vinné sklepy Milotice Modrý Portugal červené víno suché,0.75l,-44%,89.90,49.90,31. 08. 2020
 Víno Mikulov Frankovka jakostní víno odrůdové suché červené,0.75l,-30%,99.90,69.90,31. 08. 2020
 Víno Mikulov Svatý Urban červené víno polosladké,0.75l,-28%,69.90,49.90,31. 08. 2020
 Víno Mikulov Zweigeltrebe jakostní víno odrůdové suché červené,0.75l,-30%,99.90,69.90,31. 08. 2020
 Víno Motýl Cabernet Sauvignon suché červené víno,0.75l,-30%,99.90,69.90,31. 08. 2020
 Víno Motýl Merlot suché červené víno,0.75l,-30%,99.90,69.90,31. 08. 2020
 Víno Motýl Modrý Portugal suché červené víno,0.75l,-30%,99.90,69.90,31. 08. 2020
 Víno Motýl Svatovavřinecké suché červené víno,0.75l,-30%,99.90,69.90,31. 08. 2020
 Víno Motýl Zweigeltrebe suché červené víno,0.75l,-30%,99.90,69.90,31. 08. 2020
 Zámecké Vinařství Bzenec Herbarium Moravicum Frankovka pozdní sběr suché červené víno,0.75l,-25%,159.90,119.90,31. 08. 2020
 Znovín Znojmo Modrý Portugal odrůdové červené víno jakostní suché,0.75l,-17%,144.90,119.90,31. 08. 2020
 Znovín Znojmo Zweigeltrebe odrůdové červené víno jakostní suché,0.75l,-17%,144.90,119.90,31. 08. 2020
 Anakena Cabernet Sauvignon červené víno polosuché,750ml,-30%,129.90,89.90,31. 08. 2020
 Anakena Merlot červené víno polosuché,750ml,-30%,129.90,89.90,31. 08. 2020
 Viña Tarapacá Cabernet Sauvignon červené víno,0.75l,-45%,199.90,109.90,31. 08. 2020
 Viña Tarapacá Carmenère červené víno,0.75l,-45%,199.90,109.90,31. 08. 2020
 Viña Tarapacá Merlot červené víno,0.75l,-45%,199.90,109.90,31. 08. 2020
 Viña Tarapacá Syrah červené víno,0.75l,-45%,199.90,109.90,31. 08. 2020
 Petite Ville Cabernet Sauvignon víno červené,750ml,-33%,89.90,59.90,31. 08. 2020
 Petite Ville Malbec víno červené,750ml,-33%,89.90,59.90,31. 08. 2020
 Petite Ville Merlot víno červené,750ml,-33%,89.90,59.90,31. 08. 2020
 Tesco Finest Médoc červené víno,0.75l,-28%,249.90,179.90,31. 08. 2020
 Lion's Gate Cabernet Sauvignon víno,750ml,-18%,109.90,89.90,18. 08. 2020
 Lion's Gate Cape Red,750ml,-33%,89.90,59.90,18. 08. 2020
 Lion's Gate Pinotage,750ml,-18%,109.90,89.90,18. 08. 2020
 Lion's Gate Shiraz,750ml,-18%,109.90,89.90,18. 08. 2020
 Tesco Finest Breede River Valley Pinotage víno červené suché,750ml,-28%,139.90,99.90,31. 08. 2020
 Casa Roscoli Chianti D.O.C.G. víno červené suché,750ml,-20%,99.90,79.90,25. 08. 2020
 Casa Roscoli Montepulciano d´Abruzzo DOC víno červené suché,750ml,-35%,69.90,44.90,31. 08. 2020
 Casa Roscoli Sangiovese IGT Puglia víno červené suché,750ml,-35%,69.90,44.90,31. 08. 2020
 Casa Roscoli Víno červené suché,750ml,-10%,49.90,44.90,31. 08. 2020
 Butterfly Cabernet Sauvignon červené polosladké víno,750ml,-20%,99.90,79.90,31. 08. 2020
 Butterfly Merlot červené polosladké víno,750ml,-20%,99.90,79.90,31. 08. 2020
 Fantasy Cabernet Sauvignon červené polosladké víno,1l,-39%,139.90,84.90,31. 08. 2020
 I Heart Cabernet Sauvignon červené víno,75cl,-25%,119.90,89.90,31. 08. 2020
 I Heart Merlot červené víno,75cl,-25%,119.90,89.90,31. 08. 2020
 La Nonna Tempranillo víno červené suché,750ml,-18%,54.90,44.90,31. 08. 2020
 Vicente Gandia Finca del Mar Cabernet Sauvignon červené víno suché,750ml,-25%,119.90,89.90,31. 08. 2020
 Vicente Gandia Finca del Mar Merlot červené víno suché,750ml,-25%,119.90,89.90,31. 08. 2020
 Vicente Gandia Finca del Mar Tempranillo červené víno suché,750ml,-25%,119.90,89.90,31. 08. 2020
 Vina Albali Gran Reserva Tempranillo červené víno,75cl,-35%,169.90,109.90,31. 08. 2020
 Vineyards World Wines Cabernet Sauvignon červené víno suché,750ml,-28%,69.90,49.90,18. 08. 2020
 Vineyards World Wines Merlot červené víno polosuché,750ml,-28%,69.90,49.90,18. 08. 2020
 Vineyards World Wines Shiraz červené víno suché,750ml,-28%,69.90,49.90,18. 08. 2020
 Steak Maker Malbec víno červené suché,750ml,-22%,179.90,139.90,31. 08. 2020
 Lovico Artsy Cabernet Sauvignon červené víno polosladké,0.75l,-20%,99.90,79.90,31. 08. 2020
 Lovico Artsy Merlot červené víno polosladké,0.75l,-20%,99.90,79.90,31. 08. 2020
 Mona's Red červené víno polosladké,0.75l,-29%,84.90,59.90,31. 08. 2020
 Habánské Sklepy Rulandské modré jakostní víno odrůdové suché růžové,0.75l,-14%,104.90,89.90,11. 08. 2020
 Habánské Sklepy Zweigeltrebe jakostní víno odrůdové suché růžové,0.75l,-38%,104.90,64.90,11. 08. 2020
 Ludwig André Rosé jakostní víno s přívlastkem pozdní sběr polosuché,0.75l,-25%,199.90,149.90,31. 08. 2020
 Víno Mikulov Frankovka jakostní víno odrůdové suché růžové,0.75l,-30%,99.90,69.90,31. 08. 2020
 Víno Mikulov Svatý Urban růžové víno polosladké,0.75l,-28%,69.90,49.90,31. 08. 2020
 Víno Motýl Merlot Rosato suché růžové víno,0.75l,-30%,99.90,69.90,31. 08. 2020
 Znovín Znojmo Cabernet Sauvignon Rosé odrůdové růžové víno jakostní ročníkové polosuché,0.75l,-17%,144.90,119.90,31. 08. 2020
 Tesco Finest Garnacha Rosé Campo de Borja růžové víno suché,750ml,-20%,99.90,79.90,25. 08. 2020
 Fantasy Muscat Rose růžové polosladké víno,1l,-39%,139.90,84.90,31. 08. 2020
 Muscat rosé růžové polosladké víno,0.75l,-20%,99.90,79.90,31. 08. 2020
 Lion's Gate Rosé,75cl,-33%,89.90,59.90,25. 08. 2020
 Bohemia Sekt Brut,0.375l,-4%,83.90,79.90,31. 08. 2020
 Bohemia Sekt Brut,0.75l,-13%,149.90,129.90,18. 08. 2020
 Bohemia Sekt Brut jakostní šumivé víno bílé,0.2l,-16%,59.90,49.90,31. 08. 2020
 Bohemia Sekt Demi Sec,0.75l,-33%,149.90,99.90,11. 08. 2020
 Bohemia Sekt Demi Sec červené,0.75l,-13%,149.90,129.90,31. 08. 2020
 Bohemia Sekt Demi Sec jakostní šumivé víno bílé,0.2l,-16%,59.90,49.90,31. 08. 2020
 Bohemia Sekt Demi Sec jakostní šumivé víno bílé,0.375l,-4%,83.90,79.90,31. 08. 2020
 Bohemia Sekt Ice Demi Sec jakostní šumivé víno bílé,0.75l,-20%,149.90,119.90,31. 08. 2020
 Bohemia Sekt Rosé Brut jakostní šumivé víno růžové,0.75l,-13%,149.90,129.90,18. 08. 2020
 Bohemia Sekt Rose demi sec jakostní šumivé víno růžové,0.375l,-4%,83.90,79.90,31. 08. 2020
 Bohemia Sekt Rose demi sec jakostní šumivé víno růžové,0.75l,-13%,149.90,129.90,18. 08. 2020
 Motýl Demi Sec šumivé víno bílé,0.75l,-13%,109.90,94.90,31. 08. 2020
 Templářské Sklepy Čejkovice Saint Croix Sekt Brut Charmat šumivé víno bílé,0.75l,-28%,139.90,99.90,31. 08. 2020
 Templářské Sklepy Čejkovice Saint Croix Sekt Demi Sec Charmat šumivé víno bílé,0.75l,-21%,139.90,109.90,31. 08. 2020
 Templářské Sklepy Čejkovice Saint Croix Sekt Rose Demi Sec Charmat šumivé víno růžové,0.75l,-14%,139.90,119.90,31. 08. 2020
 Víno Mikulov Motýl Sekt jakostní šumivé víno bílé suché,0.75l,-5%,99.90,94.90,31. 08. 2020
 Lambrusco dell' Emilia I.G.T červené víno,75cl,-35%,69.90,44.90,31. 08. 2020
 Lambrusco dell' Emilia IGT bílé víno perlivé polosladké,750ml,-35%,69.90,44.90,31. 08. 2020
 Lambrusco dell' Emilia IGT růžové víno perlivé polosladké,750ml,-35%,69.90,44.90,31. 08. 2020
 Mionetto Prosecco DOC Spago Frizzante šumivé víno,750ml,-20%,199.90,159.90,31. 08. 2020
 Mionetto Prosecco DOC Treviso Brut šumivé víno,200ml,-22%,89.90,69.90,31. 08. 2020
 Mionetto Prosecco DOC Treviso Brut šumivé víno,750ml,-20%,239.90,189.90,31. 08. 2020
 Mionetto Prosecco DOC Treviso Extra Dry šumivé víno,750ml,-17%,229.90,189.90,31. 08. 2020
 Mionetto Prosecco DOC Treviso Vino Frizzante perlivé víno,750ml,-21%,189.90,149.90,31. 08. 2020
 Mionetto Rosé šumivé víno,750ml,-23%,259.90,199.90,31. 08. 2020
 Tesco Asti šumivé víno sladké,75cl,-18%,159.90,129.90,31. 08. 2020
 Tesco Cava polosuché šumivé víno,75cl,-23%,129.90,99.90,31. 08. 2020
 Tesco Finest Cava Brut D.O.C. šumivé víno bílé tvrdé,750ml,-30%,199.90,139.90,31. 08. 2020
 Tesco Finest Prosecco Brut. D.O.C. šumivé víno tvrdé,750ml,-28%,249.90,179.90,31. 08. 2020
 Bohemia Sekt Nealkoholický,0.75l,-13%,149.90,129.90,18. 08. 2020
 Bohemia Sekt Rose Nealkoholický,0.75l,-13%,149.90,129.90,18. 08. 2020
 Bella Cucina Pinot Grigio víno bílé perlivé,750ml,-22%,89.90,69.90,18. 08. 2020
 HONEY´S Wine & Fruit & Honey Medová hruška,0.75l,-25%,119.90,89.90,31. 08. 2020
 HONEY´S Wine & Fruit & Honey Medová malina,0.75l,-25%,119.90,89.90,31. 08. 2020
 HONEY´S Wine & Fruit & Honey Medová meruňka,0.75l,-25%,119.90,89.90,31. 08. 2020
 HONEY´S Wine & Fruit & Honey Medový černý rybíz,0.75l,-25%,119.90,89.90,31. 08. 2020
 Avanti Classico,0.75l,-33%,67.90,44.90,31. 08. 2020
 Peñasol Sangria original,1.5l,-40%,99.90,59.90,31. 08. 2020
 Vicente Gandia Sandara Blanco ochucený nápoj na bázi vína,750ml,-25%,99.90,74.90,31. 08. 2020
 Vicente Gandia Sandara Lemon ochucený nápoj na bázi vína,750ml,-25%,99.90,74.90,31. 08. 2020
 Vicente Gandia Sandara Rosado ochucený nápoj na bázi vína,750ml,-25%,99.90,74.90,31. 08. 2020
 Vicente Gandia Sandara Sangria ochucený nápoj na bázi vína,750ml,-25%,99.90,74.90,31. 08. 2020
 Ballantine's Brasil,0.7l,-31%,439.90,299.90,07. 09. 2020
 Ballantine's Finest Skotská whisky,70cl,-31%,439.90,299.90,07. 09. 2020
 Chivas Regal 18yo,0.7l,-17%,1699.00,1399.00,01. 09. 2020
 Jameson Irish Whiskey,70cl,-30%,499.90,349.90,07. 09. 2020
 Tullamore D.E.W. Irish whiskey,700ml,-36%,519.00,329.90,31. 08. 2020
 Tullamore Dew XO Rum Cask,0.7l,-19%,619.00,499.00,31. 08. 2020
 Nestville Blended Whisky,70cl,-28%,389.90,279.90,07. 09. 2020
 Jack Daniel's Gentleman Jack,0.7l,-10%,999.00,899.00,01. 09. 2020
 Captain Morgan Black Spiced,700ml,-9%,519.00,469.90,31. 08. 2020
 Captain Morgan Dark Rum,700ml,-20%,439.90,349.90,31. 08. 2020
 Dictador Rum 12YO,0.7l,-10%,999.00,899.00,01. 09. 2020
 Havana Club Añejo Especial kubánský rum,0.7l,-20%,499.90,399.90,31. 08. 2020
 Pampero Aniversario Reserva Exclusiva rum,70cl,-13%,869.00,749.90,31. 08. 2020
 Pampero Especial Rum,0.7l,-20%,569.00,449.90,31. 08. 2020
 Pampero Seleccion,0.7l,-19%,619.00,499.90,31. 08. 2020
 Captain Morgan White Rum,0.7l,-20%,439.90,349.90,31. 08. 2020
 Key Rum caribbean white,500ml,-18%,219.90,179.90,07. 09. 2020
 Absolut Vodka,70cl,-23%,459.90,349.90,07. 09. 2020
 Amundsen Premium vodka,500ml,-14%,209.90,179.90,31. 08. 2020
 Amundsen Premium vodka,700ml,-10%,279.90,249.90,07. 09. 2020
 Finlandia Vodka,0.5l,-26%,339.90,249.90,18. 08. 2020
 Finlandia Vodka,0.7l,-37%,429.90,269.90,18. 08. 2020
 Finlandia Vodka dárkové balení,700ml,-26%,449.90,329.90,18. 08. 2020
 Nicolaus Vodka extra jemná,500ml,-27%,179.90,129.90,18. 08. 2020
 Pure Star Original vodka,1l,-11%,214.90,189.90,18. 08. 2020
 Finlandia Coconut,0.7l,-37%,429.90,269.90,18. 08. 2020
 Finlandia Cranberry,0.7l,-37%,429.90,269.90,18. 08. 2020
 Nicolaus Cranberry vodka,0.5l,-33%,179.90,119.90,07. 09. 2020
 Nicolaus Lime vodka,500ml,-33%,179.90,119.90,07. 09. 2020
 Nicolaus Mango vodka,500ml,-33%,179.90,119.90,07. 09. 2020
 Pure Star Brusinková vodka,500ml,-13%,109.90,94.90,18. 08. 2020
 Pure Star Limetková vodka,500ml,-13%,109.90,94.90,18. 08. 2020
 Aperol,70cl,-26%,339.90,249.90,11. 08. 2020
 Fernet Stock Hruška,0.5l,-22%,179.90,139.90,18. 08. 2020
 Fernet Stock Standard 35%,0.5l,-22%,179.90,139.90,18. 08. 2020
 Fernet Stock Zetko zázvor & mango,0.5l,-22%,179.90,139.90,18. 08. 2020
 Jägermeister,0.7l,-36%,469.90,299.90,20. 08. 2020
 Jägermeister,1.0l,-18%,579.00,469.90,07. 09. 2020
 Jägermeister,700ml,-43%,649.00,369.90,07. 09. 2020
 Jägermeister Charakter Scharf,700ml,-36%,469.90,299.90,07. 09. 2020
 Stock Magister Dark,0.5l,-26%,189.90,139.90,31. 08. 2020
 Stock Magister original,0.5l,-26%,189.90,139.90,31. 08. 2020
 Malibu,70cl,-17%,339.90,279.90,07. 09. 2020
 Beefeater Blood Orange gin,0.7l,-30%,499.90,349.90,31. 08. 2020
 Beefeater London Dry Gin,70cl,-25%,469.90,349.90,31. 08. 2020
 Beefeater Pink,70cl,-30%,499.90,349.90,31. 08. 2020
 Dynybyl Special Dry Gin,0.5l,-16%,179.90,149.90,31. 08. 2020
 Olmeca Tequila Blanco,70cl,-20%,539.00,429.90,31. 08. 2020
 Olmeca Tequila Reposado,70cl,-24%,569.00,429.90,31. 08. 2020
 Božkov Bílý kokosový,0.5l,-17%,169.90,139.90,18. 08. 2020
 Božkov Speciál kávový,0.5l,-17%,169.90,139.90,18. 08. 2020
 Božkov Speciál mandlový,0.5l,-17%,169.90,139.90,18. 08. 2020
 Božkov Tradiční,0.5l,-25%,159.90,119.90,18. 08. 2020
 Božkov Tradiční,0.7l,-21%,204.90,159.90,31. 08. 2020
 Captain Morgan Original Spiced Gold,700ml,-31%,439.90,299.90,31. 08. 2020
 Fernet Stock Lemon Mix,0.5l,-22%,179.90,139.90,18. 08. 2020
 Key Rum Spiced Gold,500ml,-18%,219.90,179.90,07. 09. 2020
 Le Charmante,0.75l,-20%,49.90,39.90,18. 08. 2020
